	<DATE>	<TIME>	<OPEN>	<HIGH>	<LOW>	<CLOSE>	<TICKVOL>	<VOL>	<SPREAD>
227	2020.09.17	17:55:00	5240.0	5243.0	5238.5	5239.5	1337	6957	500
228	2020.09.18	09:00:00	5254.5	5255.0	5247.0	5248.0	3252	8562	500
763	2020.09.18	17:55:00	5399.5	5401.0	5389.5	5391.5	1949	10920	500
764	2020.09.21	09:03:00	5452.0	5453.0	5446.5	5448.5	2822	13063	500
1296	2020.09.21	17:55:00	5414.5	5418.5	5412.5	5418.5	1655	8319	500
1297	2020.09.22	09:03:00	5426.5	5430.5	5425.0	5427.0	4964	12702	500
1829	2020.09.22	17:55:00	5477.5	5478.5	5471.0	5472.0	1547	7459	500
1830	2020.09.23	09:02:00	5508.5	5515.0	5507.0	5509.0	4431	18366	500
2896	2020.09.24	17:55:00	5508.5	5513.0	5507.5	5509.0	1272	8385	500
2897	2020.09.25	09:00:00	5541.5	5544.0	5535.0	5540.0	3682	10594	500
3432	2020.09.25	17:55:00	5560.0	5565.0	5559.5	5562.0	1467	6728	500
3433	2020.09.28	09:03:00	5520.0	5527.0	5520.0	5526.5	4809	17632	500
3961	2020.09.28	17:55:00	5659.5	5665.0	5656.5	5659.5	1713	8555	500
3962	2020.09.29	09:03:00	5646.0	5654.0	5643.0	5653.0	6297	22784	500
5030	2020.09.30	17:55:00	5608.0	5616.0	5605.0	5616.0	1869	10062	500
5031	2020.10.01	09:00:00	5578.0	5583.0	5577.5	5581.5	2359	7554	500
5566	2020.10.01	17:55:00	5660.0	5662.0	5646.5	5646.5	1617	7346	500
5567	2020.10.02	09:00:00	5660.5	5666.0	5657.5	5663.0	3347	9958	500
6102	2020.10.02	17:55:00	5690.5	5693.0	5686.0	5690.5	1282	7895	500
6103	2020.10.05	09:02:00	5660.0	5667.5	5660.0	5666.5	4100	10473	500
6636	2020.10.05	17:55:00	5579.5	5591.0	5579.0	5580.0	2435	12667	500
6637	2020.10.06	09:02:00	5543.0	5546.0	5543.0	5544.0	2353	8335	500
7170	2020.10.06	17:55:00	5601.5	5602.0	5595.0	5595.5	1207	7562	500
7171	2020.10.07	09:00:00	5565.0	5569.0	5561.5	5569.0	3772	9305	500
7706	2020.10.07	17:55:00	5617.0	5621.0	5611.5	5615.0	1303	6975	500
7707	2020.10.08	09:00:00	5595.5	5599.5	5595.0	5598.0	1197	3229	500
8242	2020.10.08	17:55:00	5602.5	5607.5	5601.0	5604.5	1376	7838	500
8243	2020.10.09	09:00:00	5585.0	5587.5	5583.0	5587.0	1738	3888	500
8778	2020.10.09	17:55:00	5530.0	5543.0	5529.5	5542.0	1330	6881	500
8779	2020.10.13	09:00:00	5527.5	5532.5	5527.0	5528.5	855	2525	500
9314	2020.10.13	17:55:00	5576.0	5576.5	5565.5	5565.5	1292	5747	500
9315	2020.10.14	09:00:00	5595.5	5595.5	5563.5	5563.5	5107	13112	500
9316	2020.10.14	09:06:00	5581.0	5581.0	5572.5	5573.5	6494	17625	500
9845	2020.10.14	17:55:00	5595.5	5599.0	5593.0	5597.0	1516	9292	500
9846	2020.10.15	09:00:00	5633.0	5641.0	5632.5	5640.5	3482	10315	500
10381	2020.10.15	17:55:00	5615.0	5620.0	5613.5	5616.0	1423	8173	500
10382	2020.10.16	09:00:00	5610.0	5613.0	5606.5	5607.0	1544	4466	500
10917	2020.10.16	17:55:00	5648.0	5650.5	5645.5	5647.5	1381	6975	500
10918	2020.10.19	09:00:00	5622.0	5624.0	5616.5	5621.5	3811	9317	500
11989	2020.10.20	17:55:00	5609.5	5611.0	5604.5	5609.5	1585	7635	500
11990	2020.10.21	09:00:00	5601.5	5606.0	5594.0	5596.0	3470	9989	500
12525	2020.10.21	17:55:00	5608.0	5610.0	5603.0	5610.0	1188	6741	500
12526	2020.10.22	09:00:00	5616.0	5622.0	5614.0	5616.5	3578	9175	500
13061	2020.10.22	17:55:00	5598.0	5602.5	5590.0	5601.0	1661	9795	500
13062	2020.10.23	09:00:00	5576.0	5581.5	5575.5	5581.0	3430	8286	500
13597	2020.10.23	17:55:00	5619.5	5623.0	5610.0	5621.5	1900	10291	500
13598	2020.10.26	09:03:00	5646.5	5651.0	5645.0	5645.0	6065	22352	500
14130	2020.10.26	17:55:00	5626.5	5630.0	5624.5	5624.5	1101	5954	500
14131	2020.10.27	09:00:00	5610.5	5610.5	5606.5	5608.5	2693	9150	500
14666	2020.10.27	17:55:00	5706.5	5712.5	5705.5	5709.5	2296	14468	500
14667	2020.10.28	09:03:00	5733.5	5739.0	5729.0	5731.5	8965	36500	500
15199	2020.10.28	17:55:00	5752.5	5760.0	5749.0	5749.0	1654	8794	500
15200	2020.10.29	09:03:00	5785.0	5786.5	5773.5	5775.5	9722	30588	500
16268	2020.10.30	17:55:00	5745.0	5763.0	5744.5	5763.0	1802	7963	500
16269	2020.11.03	09:00:00	5705.0	5714.0	5701.5	5714.0	3903	9422	500
16838	2020.11.03	18:29:00	5757.5	5762.0	5756.5	5761.0	102	371	500
16839	2020.11.04	09:03:00	5768.0	5768.0	5757.0	5759.5	6482	21638	500
17405	2020.11.04	18:29:00	5660.5	5660.5	5656.5	5656.5	141	462	500
17406	2020.11.05	09:02:00	5615.0	5622.5	5615.0	5619.5	4165	12081	500
17973	2020.11.05	18:29:00	5530.5	5532.0	5528.0	5529.5	191	751	500
17974	2020.11.06	09:00:00	5520.0	5524.0	5517.0	5520.0	3855	12337	500
18543	2020.11.06	18:29:00	5367.0	5375.0	5366.5	5370.0	400	2239	500
18544	2020.11.09	09:03:00	5283.5	5290.0	5275.5	5287.5	8268	22508	500
19677	2020.11.10	18:29:00	5416.0	5419.5	5414.0	5418.5	285	1100	500
19678	2020.11.11	09:00:00	5412.5	5421.0	5412.0	5416.0	1825	4263	500
20817	2020.11.12	18:29:00	5462.5	5463.0	5458.0	5463.0	163	1207	500
20818	2020.11.13	09:00:00	5455.5	5457.5	5450.5	5453.5	1295	3798	500
21387	2020.11.13	18:29:00	5463.0	5463.0	5460.5	5461.5	132	798	500
21388	2020.11.16	09:00:00	5431.0	5433.0	5419.0	5424.0	3562	8668	500
21957	2020.11.16	18:29:00	5416.5	5421.0	5415.5	5421.0	151	348	500
21958	2020.11.17	09:00:00	5392.0	5396.5	5388.5	5389.0	3565	9190	500
23092	2020.11.18	18:29:00	5364.5	5366.5	5362.0	5365.0	184	975	500
23093	2020.11.19	09:00:00	5383.0	5386.0	5373.0	5374.5	3517	8861	500
23662	2020.11.19	18:29:00	5309.5	5309.5	5307.0	5308.0	404	1142	500
23663	2020.11.20	09:03:00	5290.0	5296.5	5289.0	5293.5	4219	15816	500
24229	2020.11.20	18:29:00	5382.0	5384.5	5380.5	5381.5	255	933	500
24230	2020.11.23	09:00:00	5356.0	5357.0	5350.0	5352.5	2409	7585	500
24799	2020.11.23	18:29:00	5440.0	5446.0	5439.0	5442.0	177	567	500
24800	2020.11.24	09:02:00	5419.0	5421.0	5418.0	5418.5	1520	7708	500
25367	2020.11.24	18:29:00	5373.0	5375.0	5372.5	5374.5	184	1428	500
25368	2020.11.25	09:00:00	5392.0	5398.5	5391.5	5393.5	2276	5354	500
25937	2020.11.25	18:29:00	5327.5	5327.5	5322.0	5322.0	186	634	500
25938	2020.11.26	09:00:00	5345.5	5346.0	5340.5	5343.0	1940	4857	500
26507	2020.11.26	18:29:00	5337.0	5339.5	5336.0	5337.0	177	686	500
26508	2020.11.27	09:00:00	5331.0	5332.0	5328.0	5329.5	491	1365	500
27077	2020.11.27	18:29:00	5345.5	5349.0	5341.5	5348.0	203	757	500
27078	2020.11.30	09:00:00	5301.0	5306.0	5287.0	5294.5	1999	7053	500
27647	2020.11.30	18:29:00	5334.5	5337.0	5334.0	5335.0	178	742	500
27648	2020.12.01	09:00:00	5317.0	5320.5	5310.0	5312.0	3151	9474	500
28217	2020.12.01	18:29:00	5208.0	5210.0	5206.0	5208.5	323	1799	500
28218	2020.12.02	09:03:00	5226.0	5230.0	5225.0	5228.5	4407	16640	500
29924	2020.12.04	18:29:00	5155.5	5164.0	5153.5	5159.0	581	2036	500
29925	2020.12.07	09:00:00	5170.0	5170.0	5165.5	5170.0	2372	8342	500
30494	2020.12.07	18:29:00	5100.5	5104.0	5099.5	5099.5	213	1531	500
30495	2020.12.08	09:00:00	5121.5	5126.5	5117.0	5123.5	2836	7454	500
31064	2020.12.08	18:29:00	5117.0	5120.0	5115.0	5120.0	218	804	500
31065	2020.12.09	09:00:00	5100.5	5103.5	5096.5	5096.5	2328	7662	500
31634	2020.12.09	18:29:00	5169.5	5173.0	5169.0	5172.5	265	1475	500
31635	2020.12.10	09:03:00	5112.0	5116.0	5110.5	5115.0	4591	18690	500
32201	2020.12.10	18:29:00	5029.5	5034.0	5027.5	5027.5	208	1281	500
32202	2020.12.11	09:03:00	5055.0	5060.0	5055.0	5056.5	3939	14607	500
32768	2020.12.11	18:29:00	5072.5	5072.5	5067.0	5070.5	231	1519	500
32769	2020.12.14	09:00:00	5039.0	5044.5	5039.0	5043.5	1209	3401	500
33338	2020.12.14	18:29:00	5119.5	5120.0	5117.5	5117.5	150	859	500
33339	2020.12.15	09:02:00	5094.0	5098.5	5091.5	5097.5	2090	6776	500
33906	2020.12.15	18:29:00	5087.0	5087.0	5083.5	5084.5	183	1032	500
33907	2020.12.16	09:00:00	5063.0	5066.0	5061.0	5065.5	2873	7434	500
34476	2020.12.16	18:29:00	5082.5	5084.0	5081.5	5083.0	117	797	500
34477	2020.12.17	09:00:00	5060.0	5062.5	5054.0	5062.5	3694	7649	500
35046	2020.12.17	18:29:00	5059.5	5061.0	5057.5	5057.5	133	824	500
35047	2020.12.18	09:00:00	5099.5	5107.0	5097.5	5101.5	3639	8934	500
35616	2020.12.18	18:29:00	5101.0	5106.0	5100.5	5102.0	280	1097	500
35617	2020.12.21	09:06:00	5203.0	5210.0	5200.0	5204.5	8416	38630	500
36180	2020.12.21	18:29:00	5121.5	5123.0	5118.5	5118.5	217	781	500
36181	2020.12.22	09:00:00	5136.0	5139.5	5132.0	5138.0	3086	9324	500
36750	2020.12.22	18:29:00	5157.5	5159.5	5155.5	5159.5	165	1145	500
36751	2020.12.23	09:00:00	5146.0	5146.0	5138.0	5142.0	2354	5801	500
37320	2020.12.23	18:29:00	5215.5	5220.0	5215.0	5220.0	253	1754	500
37321	2020.12.28	09:03:00	5180.0	5187.0	5180.0	5183.0	4478	14520	500
37887	2020.12.28	18:29:00	5239.0	5245.0	5237.5	5238.0	258	1756	500
37888	2020.12.29	09:00:00	5227.0	5228.5	5222.5	5226.5	1493	3338	500
38457	2020.12.29	18:29:00	5210.5	5215.0	5210.0	5214.0	176	729	500
38458	2020.12.30	09:00:00	5189.0	5192.5	5189.0	5191.5	302	1281	500
39027	2020.12.30	18:29:00	5198.0	5210.0	5197.5	5202.5	443	1564	500
39028	2021.01.04	09:02:00	5131.0	5134.0	5131.0	5133.0	1820	6075	500
39595	2021.01.04	18:29:00	5300.0	5302.5	5298.0	5302.5	223	929	500
39596	2021.01.05	09:00:00	5290.5	5292.0	5282.0	5285.5	1175	2585	500
40165	2021.01.05	18:29:00	5297.0	5297.5	5289.0	5295.0	256	1049	500
40166	2021.01.06	09:00:00	5272.5	5273.0	5267.0	5272.0	3115	7771	500
40735	2021.01.06	18:29:00	5313.5	5322.0	5312.0	5322.0	269	996	500
40736	2021.01.07	09:00:00	5345.5	5355.0	5344.5	5350.0	4284	11248	500
41305	2021.01.07	18:29:00	5420.0	5423.5	5415.0	5421.0	339	2034	500
41306	2021.01.08	09:03:00	5387.5	5387.5	5380.5	5381.0	4276	14069	500
41872	2021.01.08	18:29:00	5423.5	5425.0	5422.0	5422.5	193	800	500
41873	2021.01.11	09:03:00	5457.0	5462.5	5455.5	5458.5	4956	16799	500
42439	2021.01.11	18:29:00	5497.0	5498.0	5489.0	5489.0	352	1870	500
42440	2021.01.12	09:00:00	5475.0	5478.0	5475.0	5477.5	551	1452	500
43007	2021.01.12	18:29:00	5327.0	5329.5	5325.5	5329.5	309	2006	500
43008	2021.01.13	09:00:00	5351.5	5351.5	5346.0	5350.0	2292	7658	500
43577	2021.01.13	18:29:00	5305.0	5305.5	5301.5	5303.0	361	1255	500
43578	2021.01.14	09:00:00	5297.0	5300.0	5287.0	5291.0	2713	9132	500
44147	2021.01.14	18:29:00	5203.0	5204.0	5198.5	5199.0	269	1797	500
44148	2021.01.15	09:03:00	5244.0	5245.0	5241.5	5242.0	3982	13013	500
44714	2021.01.15	18:29:00	5296.0	5297.0	5292.0	5294.5	287	1685	500
44715	2021.01.18	09:00:00	5313.5	5314.5	5304.0	5305.0	3604	10395	500
45284	2021.01.18	18:29:00	5299.0	5303.5	5298.0	5302.0	206	1089	500
45285	2021.01.19	09:00:00	5270.5	5272.5	5270.0	5271.0	1004	2447	500
45854	2021.01.19	18:29:00	5362.0	5364.0	5359.5	5362.5	223	923	500
45855	2021.01.20	09:03:00	5338.0	5342.5	5334.0	5335.5	5612	18402	500
46421	2021.01.20	18:29:00	5298.0	5299.0	5291.0	5294.0	482	2309	500
46422	2021.01.21	09:02:00	5249.0	5249.0	5244.0	5244.5	2242	11062	500
46989	2021.01.21	18:29:00	5354.0	5354.5	5351.5	5353.0	253	1514	500
46990	2021.01.22	09:04:00	5405.0	5405.0	5399.0	5399.0	6555	25861	500
48123	2021.01.26	18:29:00	5359.0	5360.0	5356.0	5356.0	212	1507	500
48124	2021.01.27	09:00:00	5371.5	5375.5	5369.0	5371.0	2582	10220	500
48693	2021.01.27	18:29:00	5412.5	5420.0	5412.0	5415.0	233	1810	500
48694	2021.01.28	09:00:00	5430.0	5430.0	5420.5	5426.0	2809	6975	500
49263	2021.01.28	18:29:00	5444.5	5447.5	5441.5	5442.0	178	950	500
49264	2021.01.29	09:00:00	5422.0	5429.0	5421.0	5429.0	1145	3565	500
49833	2021.01.29	18:29:00	5465.5	5466.5	5463.0	5465.5	308	830	500
49834	2021.02.01	09:00:00	5437.5	5437.5	5431.0	5431.5	1494	4405	500
50403	2021.02.01	18:29:00	5438.0	5438.5	5435.5	5435.5	165	1584	500
50404	2021.02.02	09:02:00	5400.5	5404.0	5400.0	5401.5	2599	9005	500
50971	2021.02.02	18:29:00	5370.0	5373.5	5369.5	5371.5	378	1831	500
50972	2021.02.03	09:00:00	5366.0	5370.0	5361.0	5363.5	918	3796	500
51541	2021.02.03	18:29:00	5360.0	5361.0	5347.0	5356.5	485	2570	500
51542	2021.02.04	09:00:00	5375.0	5381.0	5374.0	5378.5	1887	5097	500
52111	2021.02.04	18:29:00	5430.5	5432.5	5429.0	5430.0	357	1734	500
52112	2021.02.05	09:00:00	5412.0	5419.0	5412.0	5418.0	2577	8986	500
52681	2021.02.05	18:29:00	5377.5	5377.5	5375.0	5375.0	197	2838	500
52682	2021.02.08	09:00:00	5400.0	5409.0	5398.0	5409.0	3865	10396	500
53251	2021.02.08	18:29:00	5368.0	5372.5	5367.0	5371.0	319	2297	500
53252	2021.02.09	09:03:00	5364.0	5376.0	5363.5	5374.5	6492	20643	500
53607	2021.02.09	14:58:00	5379.0	5381.0	5354.5	5354.5	7462	31695	500
53608	2021.02.09	15:03:00	5364.5	5369.0	5364.5	5367.5	4971	18275	500
54384	2021.02.10	18:29:00	5387.5	5391.0	5387.0	5391.0	193	957	500
54385	2021.02.11	09:00:00	5374.0	5376.5	5365.5	5367.0	3376	10881	500
54954	2021.02.11	18:29:00	5375.0	5376.0	5370.0	5370.5	510	3235	500
54955	2021.02.12	09:00:00	5405.0	5406.5	5403.0	5404.5	903	3736	500
55524	2021.02.12	18:29:00	5373.5	5375.0	5372.5	5373.0	175	1266	500
55525	2021.02.17	13:03:00	5429.0	5432.0	5425.0	5426.0	3584	13197	500
55851	2021.02.17	18:29:00	5414.0	5415.5	5411.5	5414.0	216	1185	500
55852	2021.02.18	09:00:00	5392.5	5398.5	5391.5	5398.5	2681	6424	500
56421	2021.02.18	18:29:00	5432.0	5432.5	5427.0	5431.5	212	1508	500
56422	2021.02.19	09:02:00	5462.5	5464.0	5461.5	5462.0	2047	11902	500
56989	2021.02.19	18:29:00	5386.0	5387.0	5383.0	5383.0	215	1370	500
56990	2021.02.22	09:03:00	5510.0	5515.0	5510.0	5515.0	3299	17327	500
57113	2021.02.22	11:06:00	5534.0	5534.5	5492.5	5492.5	12002	43880	500
57114	2021.02.22	11:11:00	5508.0	5512.0	5493.5	5510.0	11018	38807	500
57552	2021.02.22	18:29:00	5468.5	5469.0	5467.0	5467.0	355	1908	500
57553	2021.02.23	09:00:00	5452.5	5456.0	5452.5	5455.0	761	1807	500
58122	2021.02.23	18:29:00	5435.0	5444.5	5434.0	5442.5	460	4674	500
58123	2021.02.24	09:00:00	5417.5	5419.0	5417.5	5418.5	529	2388	500
58692	2021.02.24	18:29:00	5409.5	5409.5	5400.0	5405.0	414	2549	500
58693	2021.02.25	09:03:00	5436.5	5438.5	5434.5	5435.5	5135	18027	500
59448	2021.02.26	12:15:00	5565.0	5569.0	5538.5	5538.5	6954	41951	500
59449	2021.02.26	12:20:00	5548.5	5556.0	5548.5	5552.5	4339	18327	500
59814	2021.02.26	18:29:00	5611.0	5615.5	5610.0	5610.0	207	1516	500
59815	2021.03.01	09:00:00	5593.0	5598.0	5591.0	5591.0	2072	7347	500
60384	2021.03.01	18:29:00	5644.5	5650.0	5644.5	5647.5	479	2831	500
60385	2021.03.02	09:03:00	5673.0	5678.0	5666.0	5667.0	10226	29584	500
60798	2021.03.02	15:56:00	5684.0	5684.0	5648.5	5648.5	8160	30162	500
60799	2021.03.02	16:05:00	5675.0	5683.5	5674.5	5682.5	5842	25274	500
60943	2021.03.02	18:29:00	5691.0	5691.0	5686.0	5686.0	335	1533	500
60944	2021.03.03	09:00:00	5693.5	5694.5	5688.0	5688.5	2184	5603	500
61406	2021.03.03	16:42:00	5697.5	5699.0	5663.0	5663.0	6559	29923	500
61407	2021.03.03	16:47:00	5694.0	5697.5	5686.0	5688.5	4449	17716	500
61457	2021.03.03	17:37:00	5619.5	5620.5	5591.0	5591.0	2486	7409	500
61458	2021.03.03	17:40:00	5597.0	5613.0	5586.5	5592.0	6260	16411	500
61507	2021.03.03	18:29:00	5623.5	5628.0	5621.0	5622.0	349	1041	500
61508	2021.03.04	09:05:00	5591.0	5599.0	5590.0	5594.0	6528	19912	500
62072	2021.03.04	18:29:00	5673.0	5675.0	5672.5	5675.0	328	1535	500
62073	2021.03.05	09:00:00	5683.0	5687.0	5681.0	5685.0	2264	5505	500
62642	2021.03.05	18:29:00	5698.0	5700.0	5697.0	5697.0	214	1370	500
62643	2021.03.08	09:03:00	5740.0	5744.5	5740.0	5742.5	2473	9525	500
63209	2021.03.08	18:29:00	5878.0	5882.5	5877.5	5882.5	755	2958	500
63210	2021.03.09	09:03:00	5840.0	5840.5	5831.0	5833.0	7283	22718	500
63776	2021.03.09	18:29:00	5812.0	5812.0	5806.5	5808.0	454	1843	500
63777	2021.03.10	09:00:00	5801.5	5803.0	5800.0	5802.5	514	2092	500
64045	2021.03.10	13:28:00	5744.0	5744.5	5703.5	5703.5	8103	29702	500
64046	2021.03.10	13:34:00	5711.0	5713.5	5704.0	5709.0	7840	32888	500
64341	2021.03.10	18:29:00	5682.5	5683.5	5675.5	5678.5	478	1084	500
64342	2021.03.11	09:02:00	5595.0	5595.0	5587.0	5590.0	2375	10297	500
64909	2021.03.11	18:29:00	5542.5	5543.5	5538.5	5542.5	585	1775	500
64910	2021.03.12	09:03:00	5577.5	5579.0	5573.5	5575.0	3433	9988	500
66016	2021.03.15	17:59:00	5621.0	5623.5	5620.0	5621.0	494	1589	500
66017	2021.03.16	09:00:00	5631.0	5637.0	5627.0	5635.0	1771	5077	500
66556	2021.03.16	17:59:00	5628.0	5629.5	5626.0	5628.0	392	1573	500
66557	2021.03.17	09:00:00	5665.0	5669.0	5658.0	5660.0	5851	14804	500
67096	2021.03.17	17:59:00	5600.5	5600.5	5586.0	5586.0	599	2663	500
67097	2021.03.18	09:02:00	5508.0	5508.0	5503.0	5506.5	4928	18735	500
67634	2021.03.18	17:59:00	5566.0	5566.5	5562.5	5565.0	489	1397	500
67635	2021.03.19	09:00:00	5530.0	5533.0	5527.5	5531.5	1189	3329	500
68174	2021.03.19	17:59:00	5495.0	5499.5	5491.0	5492.0	775	3394	500
68175	2021.03.22	09:00:00	5510.0	5513.0	5507.0	5510.5	3166	10820	500
68714	2021.03.22	17:59:00	5506.5	5514.0	5506.0	5514.0	252	1477	500
68715	2021.03.23	09:00:00	5542.0	5550.5	5542.0	5549.0	3445	10740	500
69254	2021.03.23	17:59:00	5523.5	5529.5	5521.0	5527.5	331	1953	500
69255	2021.03.24	09:00:00	5510.0	5515.5	5506.5	5509.0	2952	9104	500
70872	2021.03.26	17:59:00	5754.5	5759.0	5754.5	5757.0	519	2185	500
70873	2021.03.29	09:03:00	5767.0	5772.0	5762.5	5762.5	5669	26248	500
72489	2021.03.31	17:59:00	5646.0	5646.0	5641.0	5641.0	354	1419	500
72490	2021.04.01	09:00:00	5635.0	5635.0	5631.0	5633.0	967	3250	500
73029	2021.04.01	17:59:00	5722.0	5722.5	5716.5	5718.5	308	1565	500
73030	2021.04.05	09:00:00	5678.5	5683.5	5678.5	5682.5	644	2550	500
74649	2021.04.07	17:59:00	5621.5	5626.0	5619.5	5625.5	365	1763	500
74650	2021.04.08	09:00:00	5615.0	5617.5	5613.0	5614.5	1247	3401	500
75189	2021.04.08	17:59:00	5581.0	5582.0	5576.0	5578.5	387	2479	500
75190	2021.04.09	09:03:00	5605.0	5608.5	5600.0	5604.0	5583	16747	500
75726	2021.04.09	17:59:00	5688.5	5697.0	5687.5	5697.0	447	1755	500
75727	2021.04.12	09:00:00	5684.0	5684.0	5681.5	5682.0	645	2401	500
76804	2021.04.13	17:59:00	5721.5	5725.0	5721.0	5723.0	257	1044	500
76805	2021.04.14	09:00:00	5708.0	5718.0	5697.0	5713.5	3616	9624	500
78424	2021.04.16	17:59:00	5592.0	5595.0	5590.5	5591.5	339	2571	500
78425	2021.04.19	09:00:00	5575.5	5583.5	5572.0	5580.0	2393	7734	500
78964	2021.04.19	17:59:00	5552.5	5555.0	5546.0	5549.0	363	1337	500
78965	2021.04.20	09:00:00	5571.0	5574.5	5570.0	5573.5	1391	3327	500
79504	2021.04.20	17:59:00	5570.0	5575.0	5568.0	5572.5	474	3242	500
79505	2021.04.22	09:00:00	5558.0	5560.5	5554.0	5557.5	2495	6132	500
80044	2021.04.22	17:59:00	5452.5	5453.0	5448.0	5448.0	553	2398	500
80045	2021.04.23	09:03:00	5432.0	5435.5	5428.5	5429.0	7099	26915	500
80581	2021.04.23	17:59:00	5479.0	5480.5	5477.0	5477.5	608	1918	500
80582	2021.04.26	09:03:00	5458.0	5465.0	5457.0	5460.5	6138	17260	500
82738	2021.04.29	17:59:00	5346.5	5348.5	5335.0	5339.5	610	2729	500
82739	2021.04.30	09:00:00	5369.0	5373.0	5363.5	5367.0	1916	6184	500
83278	2021.04.30	17:59:00	5451.0	5452.5	5450.0	5452.5	238	1535	500
83279	2021.05.03	09:00:00	5428.0	5432.0	5425.5	5426.0	2219	7137	500
83818	2021.05.03	17:59:00	5451.0	5459.0	5450.5	5453.5	374	1788	500
83819	2021.05.04	09:00:00	5474.0	5478.5	5468.5	5476.5	3950	11761	500
84358	2021.05.04	17:59:00	5455.5	5459.5	5453.5	5459.5	537	2065	500
84359	2021.05.05	09:00:00	5450.5	5457.5	5443.0	5443.0	2662	6919	500
84898	2021.05.05	17:59:00	5368.0	5370.0	5365.5	5365.5	389	2282	500
84899	2021.05.06	09:00:00	5358.0	5362.5	5356.0	5358.0	1127	6588	500
86518	2021.05.10	17:59:00	5236.5	5238.5	5234.0	5234.0	363	1792	500
86519	2021.05.11	09:00:00	5247.5	5247.5	5240.0	5245.0	2601	9514	500
87058	2021.05.11	17:59:00	5231.0	5231.5	5229.0	5231.5	259	1537	500
87059	2021.05.12	09:00:00	5243.5	5245.0	5237.5	5242.0	2962	7763	500
88137	2021.05.13	17:59:00	5312.0	5320.0	5312.0	5314.5	641	5861	500
88138	2021.05.14	09:00:00	5295.0	5295.0	5288.5	5290.0	1224	3675	500
88677	2021.05.14	17:59:00	5281.0	5282.0	5279.0	5280.0	264	1218	500
88678	2021.05.17	09:00:00	5295.0	5299.0	5291.0	5294.0	2904	6323	500
89217	2021.05.17	17:59:00	5281.0	5284.0	5280.5	5283.5	386	2348	500
89218	2021.05.18	09:00:00	5270.0	5275.5	5265.0	5266.5	4645	11017	500
89757	2021.05.18	17:59:00	5267.0	5268.0	5264.0	5267.0	390	1587	500
89758	2021.05.19	09:00:00	5292.5	5297.0	5292.5	5296.0	3327	7794	500
90297	2021.05.19	17:59:00	5316.5	5318.0	5315.0	5318.0	412	1457	500
90298	2021.05.20	09:00:00	5310.0	5312.5	5307.5	5309.5	3041	8255	500
91917	2021.05.24	17:59:00	5322.0	5327.0	5320.0	5320.5	596	3218	500
91918	2021.05.25	09:00:00	5314.0	5316.0	5305.5	5308.0	3889	12297	500
92457	2021.05.25	17:59:00	5335.0	5338.5	5333.5	5333.5	395	2670	500
92458	2021.05.26	09:00:00	5326.5	5329.0	5323.5	5326.5	3615	10060	500
92997	2021.05.26	17:59:00	5313.5	5315.0	5313.0	5314.5	219	2122	500
92998	2021.05.27	09:00:00	5307.0	5312.0	5306.0	5311.0	2798	7129	500
93537	2021.05.27	17:59:00	5239.0	5241.0	5238.0	5238.0	371	2783	500
93538	2021.05.28	09:02:00	5258.0	5258.5	5254.0	5254.0	3795	14245	500
94075	2021.05.28	17:59:00	5227.5	5228.0	5223.0	5227.0	318	1959	500
94076	2021.05.31	09:00:00	5243.0	5250.0	5241.5	5248.0	1617	5675	500
94615	2021.05.31	17:59:00	5234.5	5235.0	5230.0	5232.5	306	909	500
94616	2021.06.01	09:03:00	5213.5	5218.5	5212.5	5218.0	4840	16575	500
95152	2021.06.01	17:59:00	5165.0	5170.5	5164.5	5164.5	423	1928	500
95153	2021.06.02	09:00:00	5170.0	5171.0	5166.0	5169.0	2436	7784	500
95692	2021.06.02	17:59:00	5088.5	5090.0	5087.5	5088.5	405	2301	500
95693	2021.06.04	09:02:00	5122.0	5124.0	5119.0	5120.5	2921	13413	500
96230	2021.06.04	17:59:00	5061.0	5070.0	5060.0	5060.0	563	2455	500
96231	2021.06.07	09:03:00	5052.0	5061.5	5050.5	5059.5	9334	33297	500
96767	2021.06.07	17:59:00	5058.0	5070.0	5057.5	5068.0	511	2602	500
96768	2021.06.08	09:00:00	5055.0	5055.0	5051.5	5054.5	939	3720	500
97307	2021.06.08	17:59:00	5046.5	5047.5	5044.5	5047.5	322	1977	500
97308	2021.06.09	09:03:00	5036.0	5040.0	5033.5	5039.0	8132	26208	500
98381	2021.06.10	17:59:00	5068.5	5069.0	5065.5	5066.5	288	2065	500
98382	2021.06.11	09:00:00	5060.0	5065.5	5059.5	5064.0	2003	6821	500
98921	2021.06.11	17:59:00	5128.0	5129.0	5127.5	5129.0	232	1668	500
98922	2021.06.14	09:02:00	5115.0	5117.0	5112.5	5113.5	2280	8526	500
99999	2021.06.15	17:59:00	5055.0	5055.5	5051.0	5051.0	230	1482	500
100000	2021.06.16	09:00:00	5061.0	5065.0	5060.0	5063.5	2998	9128	500
100539	2021.06.16	17:59:00	5064.0	5066.0	5063.0	5063.0	257	2440	500
100540	2021.06.17	09:02:00	5075.0	5079.5	5075.0	5078.0	2577	12361	500
101617	2021.06.18	17:59:00	5096.0	5100.0	5093.0	5095.5	377	1349	500
101618	2021.06.21	09:00:00	5078.5	5082.0	5075.0	5079.5	1845	6810	500
102694	2021.06.22	17:59:00	4964.0	4965.0	4961.0	4961.0	280	1688	500
102695	2021.06.23	09:03:00	4966.5	4968.0	4964.0	4965.5	6629	26619	500
104311	2021.06.25	17:59:00	4935.0	4938.0	4935.0	4936.5	486	1849	500
104312	2021.06.28	09:03:00	4951.0	4955.0	4948.0	4953.5	6521	31165	500
104848	2021.06.28	17:59:00	4930.5	4931.0	4925.5	4929.0	285	1473	500
104849	2021.06.29	09:00:00	4943.0	4948.5	4943.0	4944.5	3626	11612	500
105388	2021.06.29	17:59:00	4955.0	4960.0	4955.0	4956.5	391	2675	500
105389	2021.06.30	09:00:00	4977.0	4978.5	4967.5	4972.5	2868	9635	500
105928	2021.06.30	17:59:00	4984.0	4987.0	4983.0	4987.0	261	1228	500
105929	2021.07.01	09:03:00	4979.0	4980.0	4977.0	4978.5	3208	16185	500
106465	2021.07.01	17:59:00	5066.5	5068.0	5061.5	5061.5	637	1926	500
106466	2021.07.02	09:03:00	5051.0	5052.5	5048.5	5050.0	1747	6687	500
107540	2021.07.05	17:59:00	5110.5	5111.5	5106.5	5106.5	331	1327	500
107541	2021.07.06	09:03:00	5092.0	5094.0	5090.0	5091.5	4751	15691	500
108077	2021.07.06	17:59:00	5218.5	5218.5	5211.5	5212.5	754	2883	500
108078	2021.07.07	09:00:00	5194.0	5195.0	5188.0	5190.0	2317	8037	500
108617	2021.07.07	17:59:00	5244.5	5247.0	5244.0	5246.5	266	1268	500
108618	2021.07.08	09:03:00	5290.0	5294.5	5288.0	5293.5	7099	29298	500
109149	2021.07.08	17:59:00	5273.0	5275.0	5272.0	5272.0	194	988	500
109150	2021.07.12	09:00:00	5266.5	5271.5	5265.0	5270.5	1678	5917	500
109689	2021.07.12	17:59:00	5179.5	5186.0	5179.5	5183.0	434	1875	500
109690	2021.07.13	09:00:00	5189.5	5192.0	5188.5	5191.5	2427	8303	500
110226	2021.07.13	17:59:00	5174.5	5175.0	5173.5	5174.0	358	1811	500
110227	2021.07.14	09:03:00	5163.0	5167.5	5160.5	5161.5	7088	29836	500
110763	2021.07.14	17:59:00	5081.0	5084.0	5080.0	5082.0	491	1197	500
110764	2021.07.15	09:00:00	5093.5	5097.5	5091.5	5094.5	3179	11318	500
111303	2021.07.15	17:59:00	5119.0	5123.5	5118.0	5123.0	553	1839	500
111304	2021.07.16	09:00:00	5114.0	5114.0	5101.5	5105.0	1843	5551	500
111843	2021.07.16	17:59:00	5128.0	5128.0	5121.0	5123.0	560	2641	500
111844	2021.07.19	09:00:00	5165.0	5170.0	5163.5	5166.0	3074	9140	500
112383	2021.07.19	17:59:00	5255.5	5260.0	5254.5	5258.0	301	1937	500
112384	2021.07.20	09:03:00	5247.5	5247.5	5238.5	5240.0	5969	22100	500
112920	2021.07.20	17:59:00	5233.5	5234.0	5228.0	5228.5	497	3142	500
112921	2021.07.21	09:00:00	5238.5	5245.0	5237.0	5244.0	2656	8604	500
113997	2021.07.22	17:59:00	5207.5	5208.5	5206.0	5208.5	203	1272	500
113998	2021.07.23	09:00:00	5202.5	5203.0	5199.0	5201.5	857	3313	500
114537	2021.07.23	17:59:00	5203.5	5205.5	5203.0	5205.0	277	1409	500
114538	2021.07.26	09:00:00	5195.0	5197.0	5192.5	5196.0	2098	6479	500
115077	2021.07.26	17:59:00	5185.5	5185.5	5180.0	5180.0	547	3428	500
115078	2021.07.27	09:00:00	5196.0	5197.0	5190.0	5190.5	2701	8302	500
116157	2021.07.28	17:59:00	5118.0	5120.5	5117.0	5120.5	196	1318	500
116158	2021.07.29	09:03:00	5087.5	5090.5	5085.5	5087.0	5622	19955	500
116694	2021.07.29	17:59:00	5081.5	5083.0	5080.0	5080.0	250	1125	500
116695	2021.07.30	09:00:00	5098.5	5100.0	5098.5	5100.0	358	1922	500
117234	2021.07.30	17:59:00	5233.5	5235.5	5230.5	5234.0	234	1331	500
117235	2021.08.02	09:00:00	5210.0	5210.0	5205.0	5205.5	2054	7817	500
118314	2021.08.03	17:59:00	5217.0	5220.0	5215.5	5219.0	240	1529	500
118315	2021.08.04	09:00:00	5204.0	5204.0	5197.0	5200.5	1307	4220	500
118854	2021.08.04	17:59:00	5188.5	5190.5	5187.0	5188.5	351	2547	500
118855	2021.08.05	09:00:00	5142.5	5145.5	5137.0	5138.5	3726	14941	500
119394	2021.08.05	17:59:00	5262.5	5269.0	5262.5	5269.0	344	1243	500
119395	2021.08.06	09:00:00	5249.0	5264.0	5249.0	5261.5	2899	10118	500
119425	2021.08.06	09:30:00	5277.0	5287.5	5240.0	5240.0	3573	10532	500
119426	2021.08.06	09:32:00	5252.5	5263.0	5245.0	5252.5	8217	20434	500
121013	2021.08.10	17:59:00	5208.0	5209.0	5205.0	5205.0	288	1510	500
121014	2021.08.11	09:00:00	5210.5	5216.0	5209.0	5215.0	2409	8513	500
121553	2021.08.11	17:59:00	5233.0	5242.5	5232.5	5242.5	321	1605	500
121554	2021.08.12	09:00:00	5233.0	5235.0	5229.0	5233.5	2084	7187	500
121559	2021.08.12	09:05:00	5234.0	5243.5	5233.5	5234.0	1027	19060	500
121560	2021.08.12	09:06:00	5241.0	5243.0	5240.0	5241.0	7153	7504	500
122093	2021.08.12	17:59:00	5268.5	5268.5	5264.5	5267.0	230	1700	500
122094	2021.08.13	09:00:00	5255.0	5258.5	5252.5	5255.5	2936	8379	500
122633	2021.08.13	17:59:00	5261.0	5262.0	5259.5	5262.0	190	1235	500
122634	2021.08.16	09:00:00	5286.0	5299.0	5285.5	5295.5	2451	6994	500
123173	2021.08.16	17:59:00	5270.5	5273.5	5269.0	5271.0	261	1282	500
123174	2021.08.17	09:00:00	5291.5	5291.5	5283.5	5283.5	2152	5939	500
123713	2021.08.17	17:59:00	5306.5	5309.0	5300.5	5307.0	586	2278	500
123714	2021.08.18	09:00:00	5295.0	5296.0	5291.5	5293.0	2589	7611	500
124253	2021.08.18	17:59:00	5394.0	5399.5	5392.0	5399.5	579	2438	500
124254	2021.08.19	09:00:00	5426.5	5431.0	5426.5	5431.0	1946	7706	500
124793	2021.08.19	17:59:00	5423.0	5425.0	5421.5	5421.5	190	663	500
124794	2021.08.20	09:00:00	5450.0	5454.0	5448.5	5452.0	2121	5191	500
125333	2021.08.20	17:59:00	5387.5	5390.0	5383.5	5383.5	301	1280	500
125334	2021.08.23	09:00:00	5372.0	5377.5	5369.0	5375.5	3094	9650	500
125873	2021.08.23	17:59:00	5386.5	5389.0	5385.5	5387.0	175	1224	500
125874	2021.08.24	09:00:00	5368.5	5371.0	5365.5	5367.5	3214	11592	500
126413	2021.08.24	17:59:00	5252.5	5256.5	5251.0	5256.5	363	1685	500
126414	2021.08.25	09:00:00	5271.5	5273.0	5267.0	5267.5	2424	9655	500
126953	2021.08.25	17:59:00	5220.0	5222.5	5216.5	5218.0	404	2360	500
126954	2021.08.26	09:00:00	5228.0	5229.5	5225.5	5226.5	2209	9321	500
127493	2021.08.26	17:59:00	5257.5	5269.0	5256.0	5267.0	343	2127	500
127494	2021.08.27	09:00:00	5258.5	5260.5	5251.0	5255.0	2398	8343	500
128033	2021.08.27	17:59:00	5207.0	5207.5	5205.5	5206.0	274	1214	500
128034	2021.08.30	09:00:00	5200.0	5204.0	5199.5	5203.0	816	3581	500
128573	2021.08.30	17:59:00	5185.5	5187.5	5184.0	5185.0	324	1041	500
128574	2021.08.31	09:00:00	5207.0	5208.5	5204.5	5205.5	1863	8912	500
129653	2021.09.01	17:59:00	5209.5	5212.0	5205.5	5207.5	333	2343	500
129654	2021.09.02	09:00:00	5194.0	5195.5	5190.5	5194.5	1715	6386	500
130193	2021.09.02	17:59:00	5202.0	5206.0	5201.5	5202.0	280	1563	500
130194	2021.09.03	09:00:00	5192.5	5193.5	5190.0	5190.5	1053	3253	500
130733	2021.09.03	17:59:00	5211.0	5217.5	5209.0	5217.0	326	1602	500
130734	2021.09.06	09:00:00	5207.5	5210.0	5206.5	5207.5	1120	4423	500
131273	2021.09.06	17:59:00	5189.5	5190.0	5187.0	5189.0	204	816	500
131274	2021.09.08	09:00:00	5211.5	5220.0	5210.5	5216.5	3625	11997	500
131813	2021.09.08	17:59:00	5337.0	5343.0	5334.5	5335.0	572	5136	500
131814	2021.09.09	09:00:00	5322.0	5328.0	5320.0	5328.0	2714	9284	500
132353	2021.09.09	17:59:00	5217.5	5227.5	5215.0	5226.5	461	2268	500
132354	2021.09.10	09:03:00	5179.0	5179.5	5174.0	5176.5	2482	15992	500
132890	2021.09.10	17:59:00	5261.0	5268.0	5260.5	5268.0	377	1694	500
132891	2021.09.13	09:00:00	5253.0	5253.5	5247.5	5249.5	2308	10807	500
133430	2021.09.13	17:59:00	5231.0	5233.5	5229.5	5233.5	298	2372	500
133431	2021.09.14	09:00:00	5250.0	5252.5	5250.0	5251.5	980	3166	500
133970	2021.09.14	17:59:00	5252.5	5263.0	5250.0	5263.0	500	1897	500
133971	2021.09.15	09:00:00	5255.0	5257.0	5251.5	5256.0	1951	5661	500
134510	2021.09.15	17:59:00	5231.0	5241.5	5230.0	5241.5	541	3459	500
134511	2021.09.16	09:00:00	5250.0	5251.5	5246.0	5246.0	1482	5094	500
135590	2021.09.17	17:59:00	5300.5	5301.0	5297.5	5297.5	249	1655	500
135591	2021.09.20	09:04:00	5331.0	5335.5	5330.5	5335.0	5608	30459	500
136126	2021.09.20	17:59:00	5336.5	5337.5	5332.0	5336.0	344	2770	500
136127	2021.09.21	09:00:00	5320.5	5324.5	5320.0	5322.5	1467	6970	500
136666	2021.09.21	17:59:00	5279.5	5286.5	5277.5	5277.5	545	3450	500
136667	2021.09.22	09:00:00	5262.0	5266.5	5260.0	5263.0	2240	7466	500
137206	2021.09.22	17:59:00	5296.0	5298.5	5295.5	5298.5	247	1404	500
137207	2021.09.23	09:00:00	5268.0	5272.5	5265.5	5272.5	3587	15929	500
137746	2021.09.23	17:59:00	5308.0	5311.5	5307.5	5311.5	299	2739	500
137747	2021.09.24	09:00:00	5320.0	5328.5	5320.0	5327.5	3034	19865	500
138286	2021.09.24	17:59:00	5339.5	5343.0	5338.5	5343.0	241	759	500
138287	2021.09.27	09:00:00	5326.0	5328.0	5322.0	5326.0	2908	10281	500
138826	2021.09.27	17:59:00	5394.0	5395.5	5393.0	5395.5	322	2646	500
138827	2021.09.28	09:03:00	5408.5	5413.0	5408.5	5409.5	5683	34908	500
139363	2021.09.28	17:59:00	5432.0	5433.5	5431.0	5431.0	218	1497	500
139364	2021.09.29	09:00:00	5410.0	5416.0	5410.0	5414.0	2689	13603	500
139903	2021.09.29	17:59:00	5415.5	5418.0	5412.5	5412.5	207	1325	500
139904	2021.09.30	09:00:00	5431.5	5436.5	5431.0	5434.0	1122	3230	500
140443	2021.09.30	17:59:00	5467.0	5469.0	5465.0	5467.5	193	1564	500
140444	2021.10.01	09:00:00	5442.5	5447.0	5441.0	5446.5	2899	9963	500
140983	2021.10.01	17:59:00	5388.5	5390.5	5387.0	5387.0	247	2285	500
140984	2021.10.04	09:00:00	5408.5	5410.0	5408.0	5408.5	255	5116	0
141523	2021.10.04	17:59:00	5478.0	5481.5	5476.5	5481.0	216	5471	0
141524	2021.10.05	09:00:00	5450.0	5462.5	5450.0	5461.5	3840	19822	500
142064	2021.10.05	18:00:00	5501.0	5501.0	5501.0	5501.0	1	25	500
142065	2021.10.06	09:03:00	5535.0	5538.0	5530.5	5530.5	9317	50505	500
142601	2021.10.06	17:59:00	5516.0	5516.0	5512.0	5512.5	333	2356	500
142602	2021.10.07	09:00:00	5491.5	5494.5	5490.5	5492.5	1994	8618	500
143141	2021.10.07	17:59:00	5537.5	5539.0	5536.5	5538.5	339	1856	500
143142	2021.10.08	09:00:00	5519.0	5521.0	5515.0	5518.5	1476	4996	500
143681	2021.10.08	17:59:00	5524.0	5529.5	5523.0	5529.5	245	3278	500
143682	2021.10.11	09:00:00	5517.0	5518.0	5509.0	5514.0	3009	13394	500
143977	2021.10.11	13:55:00	5540.0	5541.0	5539.5	5540.0	713	3000	500
143978	2021.10.11	14:35:00	5547.0	5548.0	5547.0	5548.0	623	2070	500
144153	2021.10.11	17:59:00	5557.0	5559.0	5554.5	5554.5	276	1485	500
144154	2021.10.13	09:00:00	5532.5	5535.5	5530.5	5534.5	3488	13105	500
144693	2021.10.13	17:59:00	5533.5	5537.0	5530.5	5530.5	654	3359	500
144694	2021.10.14	09:00:00	5487.0	5487.5	5484.5	5486.5	3143	14448	500
145233	2021.10.14	17:59:00	5525.0	5529.5	5525.0	5527.5	483	1974	500
145234	2021.10.15	09:00:00	5501.0	5508.0	5500.0	5507.5	3255	16065	500
146313	2021.10.18	17:59:00	5525.0	5526.0	5523.0	5524.0	259	1395	500
146314	2021.10.19	09:04:00	5555.0	5563.5	5555.0	5560.5	7735	48867	500
147389	2021.10.20	17:59:00	5607.0	5610.0	5606.5	5606.5	416	1731	500
147390	2021.10.21	09:02:00	5671.5	5674.0	5671.0	5673.0	2705	16863	500
147927	2021.10.21	17:59:00	5670.0	5674.0	5667.0	5667.0	372	2110	500
147928	2021.10.22	09:00:00	5690.0	5694.5	5685.0	5686.5	4279	18351	500
150084	2021.10.27	17:57:00	5545.5	5546.0	5544.5	5545.0	18	158	0
150085	2021.10.28	09:01:00	5556.0	5573.5	5552.0	5570.0	10865	29654	500
150623	2021.10.28	17:59:00	5647.5	5650.0	5646.0	5646.5	228	1086	500
150624	2021.10.29	09:00:00	5670.0	5682.0	5670.0	5681.5	2095	9959	500
151163	2021.10.29	17:59:00	5667.5	5671.0	5665.0	5665.0	300	1960	500
151164	2021.11.01	09:02:00	5658.5	5660.0	5652.5	5658.5	3724	10917	500
151701	2021.11.01	17:59:00	5712.5	5717.0	5712.0	5714.5	374	2081	500
151702	2021.11.03	09:01:00	5703.0	5707.0	5701.0	5706.5	3592	19507	500
152240	2021.11.03	17:59:00	5583.0	5584.0	5582.0	5582.5	276	1608	500
152241	2021.11.04	09:00:00	5596.5	5598.0	5590.5	5598.0	1800	5457	500
152780	2021.11.04	17:59:00	5630.0	5631.0	5629.0	5631.0	130	1094	500
152781	2021.11.05	09:00:00	5624.0	5630.0	5622.0	5627.5	2386	11583	500
153320	2021.11.05	17:59:00	5568.5	5569.0	5565.0	5565.5	246	1668	500
153321	2021.11.08	09:00:00	5581.5	5595.0	5581.0	5591.5	3360	15363	500
154460	2021.11.09	18:29:00	5508.0	5508.0	5499.0	5499.5	430	2731	500
154461	2021.11.10	09:00:00	5524.0	5530.0	5520.0	5524.0	3674	11765	500
155029	2021.11.10	18:28:00	5506.0	5510.5	5505.0	5510.5	293	1670	500
155030	2021.11.11	09:00:00	5502.0	5504.5	5487.0	5489.0	3897	10479	500
155599	2021.11.11	18:29:00	5412.5	5413.5	5409.0	5413.5	255	1418	500
155600	2021.11.12	09:00:00	5420.0	5422.5	5417.0	5418.5	2319	8496	500
156168	2021.11.12	18:28:00	5469.5	5477.0	5468.0	5477.0	321	1766	500
156169	2021.11.16	09:00:00	5460.5	5462.5	5457.0	5462.0	1813	6404	500
156738	2021.11.16	18:29:00	5518.5	5520.0	5516.5	5518.0	269	1412	500
156739	2021.11.17	09:00:00	5500.0	5503.0	5500.0	5503.0	1566	10407	500
157877	2021.11.18	18:29:00	5570.0	5572.0	5568.0	5572.0	247	1454	500
157878	2021.11.19	09:03:00	5589.0	5590.0	5585.0	5587.0	3816	19336	500
158444	2021.11.19	18:29:00	5621.5	5624.0	5620.0	5624.0	302	1272	500
158445	2021.11.22	09:00:00	5611.5	5614.5	5608.0	5611.0	2316	10846	500
159014	2021.11.22	18:29:00	5593.0	5596.5	5593.0	5593.0	233	1535	500
159015	2021.11.23	09:00:00	5615.0	5616.5	5610.0	5610.0	1147	11090	0
159068	2021.11.23	09:53:00	5633.0	5633.5	5632.5	5632.5	217	1520	0
159069	2021.12.02	09:00:00	5700.5	5705.5	5695.0	5705.0	1473	18557	0
159638	2021.12.02	18:29:00	5681.5	5683.0	5679.0	5679.0	123	1796	0
159639	2021.12.03	09:00:00	5685.0	5686.5	5682.0	5682.5	1154	3731	500
160208	2021.12.03	18:29:00	5679.0	5687.0	5678.5	5685.5	323	1929	500
160209	2021.12.06	09:00:00	5676.0	5676.0	5670.5	5671.0	1793	6616	500
160777	2021.12.06	18:28:00	5725.0	5729.0	5723.0	5724.0	623	2643	500
160778	2021.12.07	09:04:00	5697.0	5702.0	5697.0	5700.5	3247	13624	500
161343	2021.12.07	18:29:00	5648.5	5651.5	5646.5	5651.0	402	2756	500
161344	2021.12.08	09:00:00	5634.0	5636.0	5634.0	5635.0	790	3370	500
162483	2021.12.09	18:29:00	5599.0	5602.0	5598.0	5598.5	402	2353	500
162484	2021.12.10	09:00:00	5585.0	5588.0	5584.0	5588.0	1485	7135	500
163053	2021.12.10	18:29:00	5639.0	5642.5	5636.5	5638.5	472	1780	500
163054	2021.12.13	09:00:00	5629.0	5630.5	5628.0	5629.0	1420	7597	500
163623	2021.12.13	18:29:00	5703.5	5705.0	5699.5	5704.5	274	905	500
163624	2021.12.14	09:00:00	5686.5	5689.5	5685.0	5689.5	1211	8501	500
164762	2021.12.15	18:28:00	5706.0	5709.5	5701.0	5703.5	357	2064	500
164763	2021.12.16	09:00:00	5688.0	5691.5	5683.0	5688.0	2923	8774	500
165902	2021.12.17	18:29:00	5711.0	5713.0	5708.5	5709.0	305	1552	500
165903	2021.12.20	09:00:00	5724.5	5727.5	5713.0	5722.0	3163	8539	500
166472	2021.12.20	18:29:00	5756.5	5759.0	5753.0	5757.5	555	3160	500
166473	2021.12.21	09:00:00	5734.5	5739.5	5732.5	5736.5	4123	15534	500
167042	2021.12.21	18:29:00	5757.0	5759.0	5755.5	5757.0	323	1484	500
167043	2021.12.22	09:00:00	5744.5	5747.5	5743.0	5746.0	1861	7437	500
168752	2021.12.27	18:29:00	5629.5	5632.5	5628.0	5628.0	593	2439	500
168753	2021.12.28	09:00:00	5622.0	5627.0	5620.0	5626.5	3797	10688	500
169321	2021.12.28	18:28:00	5630.0	5631.0	5628.5	5631.0	285	1469	500
169322	2021.12.29	09:00:00	5638.5	5640.0	5632.0	5633.0	1337	4554	500
169891	2021.12.29	18:29:00	5708.5	5710.0	5700.0	5703.0	659	3353	500
169892	2021.12.30	09:00:00	5735.0	5739.0	5733.0	5735.0	2007	6163	500
171031	2022.01.03	18:29:00	5727.5	5728.0	5724.0	5727.0	557	3341	500
171032	2022.01.04	09:00:00	5704.5	5706.5	5704.5	5705.0	898	7572	500
173310	2022.01.07	18:29:00	5664.5	5666.0	5662.0	5666.0	236	1151	500
173311	2022.01.10	09:00:00	5673.5	5673.5	5666.5	5669.0	1725	7295	500
173880	2022.01.10	18:29:00	5693.0	5695.0	5690.5	5690.5	429	1777	500
173881	2022.01.11	09:00:00	5679.5	5681.0	5678.5	5679.5	731	3082	500
174449	2022.01.11	18:28:00	5593.0	5600.0	5591.5	5597.5	916	4388	500
174450	2022.01.12	09:00:00	5604.5	5611.5	5600.0	5610.5	5576	14398	500
175018	2022.01.12	18:28:00	5557.5	5561.0	5556.0	5560.0	468	3717	500
175019	2022.01.13	09:00:00	5573.0	5575.5	5569.0	5570.0	2452	7074	500
176728	2022.01.17	18:29:00	5537.0	5538.0	5530.0	5532.5	589	2377	500
176729	2022.01.18	09:00:00	5551.5	5560.0	5551.5	5555.5	1888	6059	500
177298	2022.01.18	18:29:00	5585.5	5589.0	5584.0	5584.0	595	2767	500
177299	2022.01.19	09:00:00	5560.0	5565.5	5558.5	5563.5	4131	15240	500
177868	2022.01.19	18:29:00	5454.0	5454.5	5451.5	5454.0	585	2843	500
177869	2022.01.20	09:00:00	5460.0	5461.5	5454.0	5461.0	5432	23665	500
178438	2022.01.20	18:29:00	5432.0	5433.0	5430.5	5430.5	468	1720	500
178439	2022.01.21	09:00:00	5451.0	5455.0	5439.5	5441.5	4445	13847	500
179008	2022.01.21	18:29:00	5468.5	5469.5	5467.0	5469.5	148	995	500
179009	2022.01.24	09:00:00	5487.0	5489.0	5485.0	5489.0	1689	7665	500
179578	2022.01.24	18:29:00	5489.5	5499.0	5489.5	5497.0	434	2172	500
179579	2022.01.25	09:00:00	5506.0	5520.0	5506.0	5519.0	3525	15494	500
180148	2022.01.25	18:29:00	5449.0	5453.5	5449.0	5451.5	452	2097	500
180149	2022.01.26	09:00:00	5433.0	5438.5	5426.0	5435.5	3803	10296	500
181288	2022.01.27	18:29:00	5405.0	5414.5	5405.0	5411.5	512	2403	500
181289	2022.01.28	09:00:00	5430.0	5435.0	5425.0	5427.0	3717	12353	500
181858	2022.01.28	18:29:00	5370.0	5372.0	5368.0	5370.5	453	1546	500
181859	2022.01.31	09:00:00	5399.5	5406.0	5391.0	5403.0	2317	9876	500
182428	2022.01.31	18:29:00	5343.5	5345.0	5341.5	5345.0	262	1764	500
182429	2022.02.01	09:00:00	5334.0	5337.5	5330.0	5330.5	3037	13466	500
183568	2022.02.02	18:29:00	5296.0	5300.0	5295.5	5296.0	409	3180	500
183569	2022.02.03	09:00:00	5308.0	5310.5	5306.5	5310.5	1697	10156	500
184138	2022.02.03	18:29:00	5313.5	5318.0	5313.0	5318.0	201	1015	500
184139	2022.02.04	09:00:00	5329.5	5334.0	5327.5	5333.5	2388	10299	500
184708	2022.02.04	18:29:00	5358.5	5361.0	5358.0	5359.0	209	1151	500
184709	2022.02.07	09:00:00	5345.0	5349.0	5340.5	5348.0	3289	9522	500
185278	2022.02.07	18:29:00	5291.0	5294.5	5289.0	5289.0	526	2523	500
185279	2022.02.08	09:00:00	5295.0	5298.5	5294.5	5296.5	2355	6724	500
185848	2022.02.08	18:29:00	5287.0	5288.5	5284.0	5284.0	642	1649	500
185849	2022.02.09	09:00:00	5275.0	5280.0	5275.0	5277.5	3025	16717	500
186418	2022.02.09	18:29:00	5263.0	5266.0	5260.0	5263.0	811	3571	500
186419	2022.02.10	09:00:00	5257.5	5261.5	5255.0	5255.5	2797	8276	500
186988	2022.02.10	18:29:00	5273.0	5274.5	5267.0	5268.5	685	1833	500
186989	2022.02.11	09:00:00	5252.5	5256.0	5252.0	5255.5	1767	7086	500
188128	2022.02.14	18:29:00	5230.0	5235.5	5227.5	5227.5	890	2724	500
188129	2022.02.15	09:00:00	5211.5	5213.5	5211.0	5212.5	1429	6362	500
189268	2022.02.16	18:29:00	5149.0	5152.0	5148.5	5151.5	307	1309	500
189269	2022.02.17	09:00:00	5165.0	5166.5	5159.5	5160.0	3093	8050	500
189838	2022.02.17	18:29:00	5181.0	5184.0	5180.5	5183.0	541	1975	500
189839	2022.02.18	09:00:00	5176.0	5178.0	5172.0	5173.5	3356	10172	500
190408	2022.02.18	18:29:00	5145.0	5148.0	5144.0	5146.5	359	1464	500
190409	2022.02.21	09:00:00	5140.5	5143.5	5140.0	5142.5	2013	7634	500
190978	2022.02.21	18:29:00	5112.5	5113.0	5110.0	5112.5	186	922	500
190979	2022.02.22	09:00:00	5102.0	5106.5	5099.5	5100.5	3926	11978	500
191548	2022.02.22	18:29:00	5062.0	5069.0	5061.5	5066.0	805	3778	500
191549	2022.02.23	09:00:00	5050.5	5055.5	5048.0	5048.5	4149	18155	500
192118	2022.02.23	18:29:00	5012.5	5014.0	5011.5	5012.0	450	2527	500
192119	2022.02.24	09:05:00	5060.0	5060.0	5046.5	5060.0	205	38040	500
192120	2022.02.24	09:06:00	5050.0	5057.5	5048.0	5056.0	16640	18544	500
192683	2022.02.24	18:29:00	5124.5	5128.0	5120.0	5125.0	363	1825	500
192684	2022.02.25	09:00:00	5165.0	5170.0	5164.5	5170.0	1713	11679	500
193253	2022.02.25	18:29:00	5210.0	5215.0	5209.0	5214.5	321	3072	500
193254	2022.03.02	13:00:00	5268.0	5268.0	5258.0	5266.0	3743	16722	500
193583	2022.03.02	18:29:00	5135.5	5145.0	5134.5	5144.5	589	3110	500
193584	2022.03.03	09:00:00	5151.0	5154.0	5147.5	5154.0	2375	10026	500
194153	2022.03.03	18:29:00	5070.0	5075.0	5069.5	5075.0	609	2405	500
194154	2022.03.04	09:00:00	5089.5	5089.5	5072.5	5074.5	7026	23373	500
194723	2022.03.04	18:29:00	5099.5	5102.0	5098.0	5099.5	659	2422	500
194724	2022.03.07	09:00:00	5114.5	5129.0	5114.5	5128.0	3697	13760	500
195293	2022.03.07	18:29:00	5149.0	5152.0	5146.5	5152.0	470	2857	500
195294	2022.03.08	09:00:00	5121.0	5122.0	5111.5	5115.5	5627	16957	500
195863	2022.03.08	18:29:00	5095.5	5098.5	5093.0	5093.0	303	2814	500
195864	2022.03.09	09:00:00	5060.0	5066.5	5052.0	5054.5	7065	21475	500
196433	2022.03.09	18:29:00	5042.5	5045.5	5041.5	5044.5	308	1578	500
196434	2022.03.10	09:00:00	5059.0	5059.0	5053.0	5056.0	2199	7303	500
197003	2022.03.10	18:29:00	5044.0	5045.0	5042.5	5043.0	251	1573	500
197004	2022.03.11	09:00:00	5030.5	5032.5	5018.0	5022.5	5070	13361	500
197573	2022.03.11	18:29:00	5104.5	5106.5	5102.0	5104.5	473	2446	500
197574	2022.03.14	09:00:00	5084.5	5092.5	5084.5	5088.0	3857	12961	500
198113	2022.03.14	17:59:00	5146.0	5151.0	5145.0	5151.0	363	2510	500
198114	2022.03.15	09:00:00	5133.0	5136.0	5130.5	5134.5	3284	11543	500
198653	2022.03.15	17:59:00	5188.0	5190.0	5187.0	5187.0	254	1832	500
198654	2022.03.16	09:00:00	5162.0	5165.0	5158.0	5164.5	4188	16534	500
199733	2022.03.17	17:59:00	5060.0	5062.0	5058.0	5060.5	387	2045	500
199734	2022.03.18	09:00:00	5069.0	5073.0	5068.0	5071.0	2335	7254	500
201353	2022.03.22	17:59:00	4924.5	4926.0	4923.5	4926.0	236	1768	500
201354	2022.03.23	09:00:00	4931.5	4933.0	4930.0	4932.5	1493	4517	500
202433	2022.03.24	17:59:00	4836.0	4839.5	4834.5	4838.5	357	1673	500
202434	2022.03.25	09:00:00	4831.0	4833.0	4818.0	4821.5	3601	10820	500
203513	2022.03.28	17:59:00	4771.5	4773.5	4769.0	4772.0	346	2455	500
203514	2022.03.29	09:00:00	4743.5	4743.5	4725.5	4730.0	8626	19379	500
204593	2022.03.30	17:59:00	4774.0	4774.5	4773.0	4774.0	176	1081	500
204594	2022.03.31	09:01:00	4816.5	4822.5	4811.5	4817.5	6303	18167	500
205132	2022.03.31	17:59:00	4780.5	4781.5	4776.5	4781.0	386	2421	500
205133	2022.04.01	09:00:00	4770.0	4770.5	4765.0	4768.0	1877	6220	500
207292	2022.04.06	17:59:00	4746.5	4754.5	4743.0	4750.5	722	3645	500
207293	2022.04.07	09:00:00	4735.0	4739.0	4730.0	4731.0	4846	18153	500
207832	2022.04.07	17:59:00	4778.0	4782.5	4778.0	4782.5	414	3243	500
207833	2022.04.08	09:00:00	4769.0	4775.5	4768.0	4775.0	2961	9730	500
208372	2022.04.08	17:59:00	4725.5	4726.5	4720.0	4723.5	319	1566	500
208373	2022.04.11	09:00:00	4737.5	4740.5	4737.5	4740.5	1046	3466	500
208912	2022.04.11	17:59:00	4714.5	4721.0	4714.5	4715.0	558	3799	500
208913	2022.04.12	09:02:00	4701.0	4706.0	4701.0	4706.0	5218	23388	500
209450	2022.04.12	17:59:00	4698.5	4699.0	4695.5	4698.0	197	1465	500
209451	2022.04.13	09:00:00	4691.5	4694.0	4687.5	4690.5	3329	8022	500
210530	2022.04.14	17:59:00	4719.0	4720.0	4717.5	4717.5	274	1345	500
210531	2022.04.18	09:00:00	4703.0	4707.0	4702.5	4706.5	3732	12247	500
211070	2022.04.18	17:59:00	4669.0	4670.0	4667.5	4670.0	287	2022	500
211071	2022.04.19	09:00:00	4680.0	4682.0	4675.5	4681.5	3702	12638	500
211610	2022.04.19	17:59:00	4682.5	4683.0	4681.5	4682.0	172	1525	500
211611	2022.04.20	09:00:00	4660.5	4664.5	4658.5	4661.5	3690	14209	500
212150	2022.04.20	17:59:00	4634.0	4635.0	4633.0	4634.0	282	3678	500
212151	2022.04.22	09:00:00	4692.0	4696.0	4691.0	4692.0	2526	10116	500
212690	2022.04.22	17:59:00	4811.0	4811.0	4805.0	4805.0	453	2219	500
212691	2022.04.25	09:00:00	4826.0	4837.5	4826.0	4835.5	5175	19100	500
213230	2022.04.25	17:59:00	4886.0	4887.0	4884.0	4887.0	264	2390	500
213231	2022.04.26	09:00:00	4912.0	4914.0	4910.0	4913.5	2581	8679	500
213770	2022.04.26	17:59:00	5005.5	5010.0	5005.0	5005.0	441	3650	500
213771	2022.04.27	09:00:00	4992.5	5001.0	4992.5	4997.5	2456	9566	500
214310	2022.04.27	17:59:00	4972.0	4978.5	4969.5	4969.5	474	4070	500
214311	2022.04.28	09:00:00	4988.5	4996.0	4986.5	4992.0	2393	7040	500
214850	2022.04.28	17:59:00	4944.0	4946.5	4941.0	4942.0	404	3023	500
214851	2022.04.29	09:00:00	4948.5	4965.0	4948.5	4961.0	7424	18561	500
215390	2022.04.29	17:59:00	5022.0	5022.5	5018.0	5018.0	607	3100	500
215391	2022.05.02	09:00:00	5010.0	5022.5	5009.5	5011.5	6727	17021	500
215930	2022.05.02	17:59:00	5134.0	5135.0	5130.0	5132.5	330	2878	500
215931	2022.05.03	09:00:00	5085.0	5096.0	5081.0	5085.0	9376	26652	500
216470	2022.05.03	17:59:00	5006.0	5007.0	5002.5	5002.5	487	2206	500
216471	2022.05.04	09:00:00	5010.0	5010.0	5005.0	5010.0	1744	7004	500
217010	2022.05.04	17:59:00	4960.5	4963.5	4958.5	4963.5	346	2638	500
217011	2022.05.05	09:00:00	4989.5	4994.5	4987.5	4993.5	3051	10067	500
217550	2022.05.05	17:59:00	5066.5	5070.5	5065.0	5070.5	442	2357	500
217551	2022.05.06	09:00:00	5063.0	5066.0	5056.0	5066.0	3861	13782	500
218090	2022.05.06	17:59:00	5118.5	5121.0	5116.0	5116.0	348	1986	500
218091	2022.05.09	09:00:00	5180.0	5185.5	5172.5	5181.5	5267	23465	500
218630	2022.05.09	17:59:00	5194.5	5198.0	5194.5	5197.0	347	2279	500
218631	2022.05.10	09:00:00	5190.5	5195.0	5189.5	5192.5	2608	7856	500
219170	2022.05.10	17:59:00	5167.0	5169.5	5165.0	5166.5	346	2139	500
219171	2022.05.11	09:00:00	5130.0	5142.0	5127.5	5140.5	5239	17518	500
219710	2022.05.11	17:59:00	5167.5	5172.0	5167.5	5170.5	476	1847	500
219711	2022.05.12	09:00:00	5201.5	5205.0	5200.0	5200.0	2208	11630	500
220250	2022.05.12	17:59:00	5164.0	5164.5	5162.0	5162.0	254	1382	500
220251	2022.05.13	09:00:00	5149.5	5149.5	5144.5	5148.0	2418	7780	500
220790	2022.05.13	17:59:00	5084.0	5088.5	5084.0	5088.5	341	2743	500
220791	2022.05.16	09:00:00	5104.0	5106.5	5102.0	5105.5	2101	8230	500
221330	2022.05.16	17:59:00	5084.0	5085.0	5081.5	5084.0	324	1642	500
221331	2022.05.17	09:03:00	5025.0	5030.0	5022.0	5026.5	14953	49488	500
221867	2022.05.17	17:59:00	4961.0	4963.0	4958.5	4958.5	348	2866	500
221868	2022.05.18	09:00:00	4973.5	4978.0	4971.5	4974.5	3868	11729	500
222407	2022.05.18	17:59:00	4992.5	4993.0	4986.0	4986.0	596	4372	500
222408	2022.05.19	09:00:00	4955.0	4960.0	4953.0	4957.5	5275	17600	500
222947	2022.05.19	17:59:00	4952.5	4956.0	4942.0	4950.5	2292	7641	500
222948	2022.05.20	09:00:00	4919.0	4934.0	4919.0	4931.5	5065	16595	500
223487	2022.05.20	17:59:00	4895.0	4897.0	4893.0	4893.0	255	1003	500
223488	2022.05.23	09:00:00	4855.0	4857.0	4853.5	4857.0	2597	9490	500
224027	2022.05.23	17:59:00	4824.0	4827.5	4823.0	4827.5	235	1760	500
224028	2022.05.24	09:00:00	4848.0	4848.0	4841.0	4844.5	3731	10768	500
224567	2022.05.24	17:59:00	4827.0	4831.0	4827.0	4830.0	215	1692	500
224568	2022.05.25	09:00:00	4850.0	4854.0	4846.0	4846.5	5237	15832	500
225107	2022.05.25	17:59:00	4834.0	4838.0	4832.0	4832.0	328	2091	500
225108	2022.05.26	09:00:00	4819.0	4825.0	4817.0	4819.5	1285	5572	500
225647	2022.05.26	17:59:00	4771.5	4774.5	4771.5	4774.0	413	3096	500
225648	2022.05.27	09:00:00	4765.5	4770.5	4763.5	4765.5	3880	11917	500
226187	2022.05.27	17:59:00	4733.5	4739.0	4731.0	4732.0	474	2260	500
226188	2022.05.30	09:00:00	4714.5	4717.0	4712.5	4716.5	1406	6626	500
226727	2022.05.30	17:59:00	4755.5	4757.5	4755.0	4755.0	194	671	500
226728	2022.05.31	09:00:00	4804.5	4810.0	4802.5	4809.5	2038	7344	500
227807	2022.06.01	17:59:00	4858.0	4859.5	4856.0	4859.5	279	2555	500
227808	2022.06.02	09:00:00	4830.0	4834.0	4830.0	4833.0	1743	7600	500
228347	2022.06.02	17:59:00	4835.5	4839.5	4835.0	4839.5	271	1691	500
228348	2022.06.03	09:00:00	4860.0	4861.0	4855.0	4856.5	3927	14800	500
228887	2022.06.03	17:59:00	4811.5	4813.0	4810.0	4812.0	356	2095	500
228888	2022.06.06	09:00:00	4795.0	4800.0	4793.5	4798.5	3694	14113	500
231587	2022.06.10	17:59:00	5015.0	5018.0	5012.5	5017.5	291	1224	500
231588	2022.06.13	09:00:00	5066.0	5080.5	5065.0	5080.0	5695	29089	500
232667	2022.06.14	17:59:00	5143.5	5143.5	5141.0	5143.5	196	1337	500
232668	2022.06.15	09:00:00	5119.0	5124.5	5116.0	5120.5	5156	17217	500
233207	2022.06.15	17:59:00	5082.0	5083.0	5075.0	5077.5	358	2389	500
233208	2022.06.17	09:00:00	5135.0	5146.0	5130.0	5140.0	5825	23048	500
234287	2022.06.20	17:59:00	5211.0	5212.0	5207.5	5208.0	262	1977	500
234288	2022.06.21	09:00:00	5194.0	5194.0	5187.0	5188.0	3985	12959	500
234827	2022.06.21	17:59:00	5143.5	5144.5	5141.5	5143.0	310	2123	500
234828	2022.06.22	09:00:00	5181.5	5188.0	5176.0	5188.0	4319	13009	500
235907	2022.06.23	17:59:00	5251.5	5256.0	5250.0	5253.5	360	1845	500
235908	2022.06.24	09:00:00	5240.0	5241.5	5235.0	5236.5	4710	14059	500
236987	2022.06.27	17:59:00	5246.0	5247.5	5245.0	5247.5	200	672	500
236988	2022.06.28	09:00:00	5240.5	5246.5	5240.0	5245.0	2071	7359	500
237527	2022.06.28	17:59:00	5276.0	5277.0	5274.0	5274.0	237	1180	500
237528	2022.06.29	09:00:00	5256.0	5260.0	5255.5	5257.0	2810	12296	500
238067	2022.06.29	17:59:00	5185.5	5188.0	5185.5	5187.0	231	1337	500
238068	2022.06.30	09:00:00	5263.0	5271.0	5262.5	5271.0	2127	8091	500
238607	2022.06.30	17:59:00	5300.5	5303.0	5297.5	5298.5	648	5247	500
238608	2022.07.01	09:00:00	5325.0	5336.5	5320.0	5332.5	5445	20994	500
239147	2022.07.01	17:59:00	5375.5	5376.0	5373.0	5373.0	201	1221	500
239148	2022.07.04	09:00:00	5342.5	5352.5	5341.5	5350.0	4909	15337	500
239687	2022.07.04	17:59:00	5370.0	5373.0	5369.5	5372.0	269	1556	500
239688	2022.07.05	09:00:00	5395.0	5395.0	5389.0	5391.5	3464	13678	500
240227	2022.07.05	17:59:00	5427.0	5428.0	5425.5	5428.0	370	1968	500
240228	2022.07.06	09:00:00	5442.0	5442.0	5442.0	5442.0	1035	7587	500
240767	2022.07.06	17:59:00	5467.5	5469.5	5463.0	5463.5	265	1722	500
240768	2022.07.07	09:00:00	5443.0	5445.0	5440.5	5444.0	1725	6047	500
241307	2022.07.07	17:59:00	5378.0	5378.5	5375.0	5375.5	272	1139	500
241308	2022.07.08	09:00:00	5392.0	5400.0	5390.5	5399.5	3501	12359	500
241847	2022.07.08	17:59:00	5288.5	5292.5	5287.5	5287.5	611	3209	500
241848	2022.07.11	09:00:00	5343.0	5351.5	5343.0	5348.5	6602	22460	500
242927	2022.07.12	17:59:00	5468.5	5470.0	5466.0	5466.0	443	2005	500
242928	2022.07.13	09:00:00	5447.0	5453.0	5443.0	5452.5	4104	13155	500
243467	2022.07.13	17:59:00	5419.5	5420.5	5418.5	5419.0	275	1502	500
243468	2022.07.14	09:00:00	5500.0	5504.5	5490.5	5498.0	6778	25098	500
244007	2022.07.14	17:59:00	5448.5	5450.5	5445.5	5445.5	259	1083	500
244008	2022.07.15	09:00:00	5432.0	5434.0	5431.0	5432.5	1361	3954	1
244547	2022.07.15	17:59:00	5430.0	5431.5	5428.5	5431.5	234	1006	1
244548	2022.07.18	09:00:00	5395.0	5401.0	5393.5	5401.0	4984	15061	1
245087	2022.07.18	17:59:00	5457.5	5459.0	5454.5	5457.5	372	2631	1
245088	2022.07.19	09:00:00	5428.0	5432.0	5426.5	5427.5	4160	14028	1
245627	2022.07.19	17:59:00	5432.5	5432.5	5427.5	5430.0	268	1588	1
245628	2022.07.20	09:00:00	5448.5	5448.5	5440.5	5442.5	3917	12204	1
246167	2022.07.20	17:59:00	5484.5	5486.0	5482.5	5486.0	324	1344	1
246168	2022.07.21	09:00:00	5477.0	5480.5	5477.0	5480.5	2281	9214	1
246707	2022.07.21	17:59:00	5511.5	5514.0	5510.0	5510.0	262	2491	1
246708	2022.07.22	09:00:00	5494.0	5498.5	5493.0	5498.5	1838	7298	1
247247	2022.07.22	17:59:00	5508.5	5509.0	5507.0	5509.0	200	1195	1
247248	2022.07.25	09:00:00	5481.5	5484.5	5478.0	5483.5	3986	12046	1
247787	2022.07.25	17:59:00	5366.0	5367.5	5364.0	5364.5	467	2653	1
247788	2022.07.26	09:00:00	5390.0	5395.0	5387.0	5392.0	5142	15917	1
248327	2022.07.26	17:59:00	5351.5	5358.0	5351.0	5358.0	560	3577	1
248328	2022.07.27	09:00:00	5342.5	5345.5	5336.0	5344.5	3440	12279	1
248867	2022.07.27	17:59:00	5247.0	5248.0	5245.0	5247.5	403	1917	1
248868	2022.07.28	09:00:00	5265.5	5266.5	5263.5	5265.0	2184	7010	1
249407	2022.07.28	17:59:00	5182.5	5187.5	5182.5	5186.5	304	1449	1
249408	2022.07.29	09:00:00	5210.0	5219.0	5209.5	5216.0	3811	10608	1
249947	2022.07.29	17:59:00	5222.0	5223.0	5220.0	5221.0	211	796	1
249948	2022.08.01	09:00:00	5204.0	5213.5	5200.0	5210.0	4007	14119	1
250487	2022.08.01	17:59:00	5230.0	5234.5	5229.5	5234.5	307	673	1
250488	2022.08.02	09:00:00	5247.5	5257.0	5246.5	5256.0	5669	16753	1
251027	2022.08.02	17:59:00	5327.0	5328.5	5323.0	5323.0	416	2500	1
251028	2022.08.03	09:00:00	5293.0	5294.5	5287.5	5288.5	4239	19358	1
252107	2022.08.04	17:59:00	5256.5	5258.0	5251.0	5251.0	302	1438	1
252108	2022.08.05	09:00:00	5263.5	5271.5	5262.0	5270.5	2892	11722	1
252647	2022.08.05	17:59:00	5203.5	5204.5	5201.0	5202.0	407	2519	1
252648	2022.08.08	09:00:00	5181.0	5183.5	5177.5	5180.5	5186	14988	1
253187	2022.08.08	17:59:00	5148.5	5149.0	5146.0	5149.0	300	1724	1
253188	2022.08.09	09:00:00	5154.5	5156.5	5148.0	5150.0	4808	15154	1
253727	2022.08.09	17:59:00	5157.0	5161.0	5156.5	5158.0	264	1214	1
253728	2022.08.10	09:00:00	5147.5	5148.5	5144.5	5145.5	2634	8905	1
254267	2022.08.10	17:59:00	5121.5	5127.0	5120.0	5125.5	238	1795	1
254268	2022.08.11	09:00:00	5110.0	5113.5	5109.5	5112.0	2241	6619	1
254807	2022.08.11	17:59:00	5186.0	5191.0	5185.0	5188.0	436	2408	1
254808	2022.08.12	09:00:00	5182.5	5186.0	5181.0	5186.0	3330	10701	1
255347	2022.08.12	17:59:00	5104.0	5104.5	5099.0	5099.5	221	2225	1
255348	2022.08.15	09:00:00	5138.5	5147.0	5137.0	5146.0	6263	24525	1
255887	2022.08.15	17:59:00	5120.0	5124.0	5119.0	5122.0	352	2102	1
255888	2022.08.16	09:00:00	5143.5	5154.5	5142.5	5151.5	5034	13629	1
256427	2022.08.16	17:59:00	5173.0	5176.0	5168.0	5172.5	581	2735	1
256428	2022.08.17	09:00:00	5200.0	5208.0	5198.0	5204.0	5550	20425	1
257507	2022.08.18	17:59:00	5187.0	5189.0	5185.5	5186.0	210	1819	1
257508	2022.08.19	09:00:00	5219.0	5224.0	5216.0	5218.5	5870	24884	1
258047	2022.08.19	17:59:00	5188.5	5188.5	5185.5	5187.0	239	1501	1
258048	2022.08.22	09:00:00	5198.5	5204.0	5198.0	5201.0	4509	16868	1
258587	2022.08.22	17:59:00	5174.5	5175.5	5170.5	5172.5	321	2402	1
258588	2022.08.23	09:00:00	5144.5	5146.5	5144.5	5146.0	1047	5009	1
259667	2022.08.24	17:59:00	5120.0	5123.5	5119.5	5123.5	235	1460	1
259668	2022.08.25	09:00:00	5101.0	5103.5	5096.0	5097.5	3843	10682	1
260747	2022.08.26	17:59:00	5075.5	5075.5	5067.0	5070.5	629	3217	1
260748	2022.08.29	09:00:00	5086.0	5096.0	5085.5	5093.0	3987	18520	1
261287	2022.08.29	17:59:00	5033.5	5035.0	5031.5	5032.0	373	2775	1
261288	2022.08.30	09:00:00	5017.5	5019.0	5014.0	5018.5	3472	13810	1
261827	2022.08.30	17:59:00	5125.0	5126.5	5123.5	5126.5	292	1566	1
261828	2022.08.31	09:00:00	5170.0	5179.5	5169.0	5179.5	1719	7180	1
262367	2022.08.31	17:59:00	5225.5	5228.0	5223.0	5227.5	517	2083	1
262368	2022.09.01	09:00:00	5245.0	5246.5	5240.5	5243.0	4390	14967	1
262907	2022.09.01	17:59:00	5281.5	5282.0	5275.0	5282.0	368	2361	1
262908	2022.09.02	09:00:00	5261.0	5263.0	5256.0	5260.0	2599	8807	1
263447	2022.09.02	17:59:00	5208.5	5214.0	5205.0	5205.0	321	1984	1
263448	2022.09.05	09:00:00	5218.0	5220.0	5215.5	5220.0	1392	5447	1
263987	2022.09.05	17:59:00	5191.0	5192.0	5188.5	5191.0	293	1348	1
263988	2022.09.06	09:00:00	5202.0	5203.5	5200.5	5203.5	1518	4717	1
264527	2022.09.06	17:59:00	5283.0	5287.0	5282.0	5283.0	621	2581	1
264528	2022.09.08	09:00:00	5242.0	5242.5	5231.5	5232.5	3701	14586	1
265067	2022.09.08	17:59:00	5246.5	5248.5	5246.0	5248.0	223	1304	1
265068	2022.09.09	09:00:00	5212.0	5212.0	5212.0	5212.0	938	4179	1
265605	2022.09.09	17:59:00	5179.5	5180.0	5175.0	5177.0	320	1520	1
265606	2022.09.12	09:00:00	5143.0	5148.0	5142.0	5147.0	5439	16502	1
266145	2022.09.12	17:59:00	5119.0	5124.5	5116.5	5120.0	478	2924	1
266146	2022.09.13	09:00:00	5111.0	5113.0	5108.0	5110.0	2411	13610	1
267225	2022.09.14	17:59:00	5187.0	5188.0	5184.5	5187.5	351	2095	1
267226	2022.09.15	09:00:00	5199.5	5208.0	5198.5	5206.5	3263	8089	1
268305	2022.09.16	17:59:00	5269.0	5274.0	5267.0	5272.0	403	1979	1
268306	2022.09.19	09:00:00	5312.0	5312.0	5306.0	5308.5	2222	9887	1
268845	2022.09.19	17:59:00	5183.0	5188.5	5183.0	5188.0	671	3309	1
268846	2022.09.20	09:00:00	5225.0	5225.0	5220.0	5221.0	3891	14606	1
269925	2022.09.21	17:59:00	5181.0	5186.0	5181.0	5182.0	442	2136	1
269926	2022.09.22	09:00:00	5140.5	5142.5	5134.5	5138.0	5198	15940	1
270465	2022.09.22	17:59:00	5125.5	5127.0	5124.5	5126.5	378	2278	1
270466	2022.09.23	09:00:00	5179.0	5184.5	5177.0	5182.0	2764	10430	1
271005	2022.09.23	17:59:00	5274.0	5276.0	5269.0	5269.0	687	5734	1
271006	2022.09.26	09:00:00	5300.0	5304.5	5300.0	5304.0	3098	16412	1
271546	2022.09.26	18:00:00	5398.5	5399.5	5398.5	5399.5	5	25	1
271547	2022.09.27	09:00:00	5353.0	5353.0	5349.0	5350.5	1592	7584	1
272086	2022.09.27	17:59:00	5384.5	5389.0	5382.5	5385.0	526	3385	1
272087	2022.09.28	09:00:00	5414.0	5416.0	5409.0	5414.0	3316	13084	1
272626	2022.09.28	17:59:00	5376.0	5379.0	5375.0	5379.0	600	3863	1
272627	2022.09.29	09:00:00	5392.0	5401.5	5391.0	5400.0	4981	13589	1
273166	2022.09.29	17:59:00	5401.0	5404.0	5398.5	5399.5	430	2954	1
273167	2022.09.30	09:00:00	5428.5	5431.0	5419.0	5422.0	2961	8899	1
273706	2022.09.30	17:59:00	5447.0	5455.5	5444.5	5447.0	500	2477	1
273707	2022.10.03	09:05:00	5300.0	5305.0	5296.5	5298.0	7058	33574	1
274241	2022.10.03	17:59:00	5206.5	5214.5	5200.0	5205.0	939	7153	1
274242	2022.10.04	09:00:00	5180.0	5180.0	5164.5	5166.0	6897	31136	1
274781	2022.10.04	17:59:00	5211.0	5216.0	5207.5	5207.5	465	1974	1
274782	2022.10.05	09:00:00	5248.5	5259.0	5240.0	5256.0	5900	19880	1
275861	2022.10.06	17:59:00	5250.5	5256.0	5248.0	5249.0	499	4047	1
275862	2022.10.07	09:00:00	5234.5	5243.5	5234.5	5241.5	5795	14499	1
276401	2022.10.07	17:59:00	5230.5	5230.5	5224.5	5226.5	375	3999	1
276402	2022.10.10	09:00:00	5215.0	5217.0	5212.0	5214.5	1902	6142	1
277481	2022.10.11	17:59:00	5322.0	5327.5	5315.5	5316.0	751	6857	1
277482	2022.10.13	09:00:00	5280.0	5281.5	5278.0	5280.0	2426	10775	1
277511	2022.10.13	09:29:00	5275.0	5291.5	5256.0	5256.0	9953	20252	1
277512	2022.10.13	09:32:00	5332.0	5346.5	5332.0	5341.5	13903	39916	1
278019	2022.10.13	17:59:00	5295.0	5296.0	5280.0	5281.0	815	6076	1
278020	2022.10.14	09:00:00	5297.0	5301.5	5295.0	5297.5	2876	10636	1
278559	2022.10.14	17:59:00	5344.0	5347.5	5340.5	5340.5	277	1169	1
278560	2022.10.17	09:00:00	5290.0	5295.5	5286.5	5295.0	4835	14785	1
279099	2022.10.17	17:59:00	5292.0	5302.0	5291.0	5299.5	433	1595	1
279100	2022.10.18	09:00:00	5286.5	5288.5	5284.0	5287.0	1990	6621	1
279639	2022.10.18	17:59:00	5252.0	5255.0	5251.0	5252.5	280	1468	1
279640	2022.10.19	09:00:00	5290.0	5290.5	5285.0	5289.0	2908	11313	1
280179	2022.10.19	17:59:00	5286.5	5287.0	5282.0	5282.0	330	2126	1
280180	2022.10.20	09:00:00	5261.0	5263.0	5254.0	5257.5	3980	10103	1
280719	2022.10.20	17:59:00	5227.0	5228.0	5224.0	5227.5	316	1564	1
280720	2022.10.21	09:00:00	5247.0	5249.0	5241.0	5241.5	5036	14406	1
281259	2022.10.21	17:59:00	5169.0	5174.5	5167.0	5173.5	382	2558	1
281260	2022.10.24	09:00:00	5209.5	5222.0	5207.5	5219.5	6587	21705	1
281799	2022.10.24	17:59:00	5314.0	5315.0	5307.5	5307.5	669	4027	1
281800	2022.10.25	09:00:00	5298.5	5305.5	5297.0	5305.0	4795	15582	1
282339	2022.10.25	17:59:00	5321.5	5325.0	5321.0	5321.5	202	1000	1
282340	2022.10.26	09:00:00	5297.0	5298.0	5290.5	5294.5	3769	12495	1
283419	2022.10.27	17:59:00	5342.5	5350.0	5338.5	5339.0	448	3778	1
283420	2022.10.28	09:00:00	5352.5	5362.5	5352.5	5361.5	2169	7622	1
283959	2022.10.28	17:59:00	5288.5	5307.5	5285.0	5301.5	550	2428	1
283960	2022.10.31	09:00:00	5434.0	5443.0	5430.0	5436.5	4961	26516	1
284499	2022.10.31	17:59:00	5209.0	5215.0	5206.5	5214.0	486	2672	1
284500	2022.11.01	09:00:00	5179.5	5179.5	5176.5	5179.5	2094	14902	1
285039	2022.11.01	17:59:00	5177.5	5180.0	5170.0	5170.0	442	2200	1
285040	2022.11.03	09:03:00	5220.0	5227.0	5210.0	5215.5	11243	35372	1
285576	2022.11.03	17:59:00	5145.0	5147.5	5142.0	5142.0	275	1680	1
285577	2022.11.04	09:00:00	5090.0	5105.0	5089.0	5099.0	5574	18339	1
286686	2022.11.07	18:29:00	5183.5	5191.0	5177.5	5184.5	441	3322	1
286687	2022.11.08	09:00:00	5200.0	5206.5	5197.0	5204.5	4354	11731	1
287256	2022.11.08	18:29:00	5165.5	5174.0	5162.0	5171.5	802	3773	1
287257	2022.11.09	09:00:00	5193.5	5194.5	5182.5	5190.0	4476	12092	1
287826	2022.11.09	18:29:00	5211.5	5212.5	5204.0	5204.0	309	2264	1
287827	2022.11.10	09:00:00	5264.5	5277.5	5262.5	5277.0	2797	11292	1
288396	2022.11.10	18:29:00	5358.5	5369.5	5357.5	5369.5	529	2846	1
288397	2022.11.11	09:00:00	5360.0	5362.0	5339.5	5352.0	5470	15341	1
288966	2022.11.11	18:29:00	5345.5	5379.0	5345.0	5366.0	568	1921	1
288967	2022.11.14	09:00:00	5359.5	5374.5	5358.5	5363.0	6083	16258	1
290106	2022.11.16	18:29:00	5423.5	5427.0	5417.0	5425.0	470	3224	1
290107	2022.11.17	09:05:00	5514.5	5519.0	5507.0	5514.5	13268	46361	1
290671	2022.11.17	18:29:00	5439.5	5445.0	5434.0	5442.0	345	1330	1
290672	2022.11.18	09:00:00	5401.0	5411.0	5401.0	5406.5	4378	13877	1
291241	2022.11.18	18:29:00	5393.5	5399.0	5386.5	5388.0	429	2850	1
291242	2022.11.21	09:00:00	5398.0	5399.0	5386.5	5388.5	4750	16890	1
291811	2022.11.21	18:29:00	5327.5	5333.0	5327.5	5332.5	419	3832	1
291812	2022.11.22	09:00:00	5321.0	5325.0	5310.0	5312.5	5209	16525	1
292381	2022.11.22	18:29:00	5368.0	5369.5	5365.0	5365.0	289	2387	1
292382	2022.11.23	09:00:00	5352.5	5363.0	5352.0	5358.0	4638	13455	1
292951	2022.11.23	18:29:00	5374.0	5381.0	5365.0	5375.0	653	3339	1
292952	2022.11.24	09:00:00	5324.0	5330.0	5317.5	5328.0	4385	12719	1
294091	2022.11.25	18:29:00	5421.5	5422.5	5412.5	5414.0	318	1725	1
294092	2022.11.28	09:00:00	5427.0	5427.0	5423.5	5425.5	1012	8410	1
294661	2022.11.28	18:29:00	5375.5	5375.5	5367.5	5367.5	305	1613	1
294662	2022.11.29	09:00:00	5330.0	5336.5	5330.0	5332.5	3531	12276	1
295231	2022.11.29	18:29:00	5270.5	5274.0	5270.5	5270.5	457	3202	1
295232	2022.11.30	09:00:00	5295.0	5305.0	5290.0	5292.0	3691	9701	1
295801	2022.11.30	18:29:00	5213.5	5217.5	5210.0	5215.0	850	5053	1
295802	2022.12.01	09:00:00	5222.0	5230.0	5219.0	5223.0	4558	10154	1
296941	2022.12.02	18:29:00	5247.0	5249.0	5246.0	5247.0	60	296	1
296942	2022.12.05	09:00:00	5234.5	5243.0	5229.5	5240.0	4857	13566	0
297511	2022.12.05	18:29:00	5316.5	5320.0	5308.5	5312.0	578	2756	500
297512	2022.12.06	09:00:00	5301.0	5301.5	5297.0	5298.0	1587	7872	0
